1144,Nissan,350Z,Green,2005
1220,Maybach,Landaulet,Blue,2011
1321,Scion,xB,Blue,2008
1101,Jeep,Grand Cherokee,Maroon,1995
1164,Ford,F150,Khaki,2006
1830,Ford,Mustang,Pink,1969
1701,Mercedes-Benz,M-Class,Puce,1999
1701,Honda,Ridgeline,Puce,2009
1116,Ford,Explorer,Orange,2004
1143,Land Rover,Range Rover Sport,Yellow,2007
1056,Volkswagen,Golf,Pink,2001
1104,Chevrolet,Impala,Maroon,2001
1045,Pontiac,Grand Prix,Purple,2000
1239,Dodge,Ram 3500,Maroon,2000
1906,Chevrolet,G-Series G20,Purple,1993
1524,Mitsubishi,GTO,Violet,1999
1163,GMC,Yukon XL 2500,Aquamarine,2013
1134,Land Rover,Defender 90,Yellow,1994
1865,Volkswagen,Passat,Red,1991
1428,BMW,X6 M,Red,2013
1346,Daihatsu,Rocky,Fuscia,1992
1220,GMC,Canyon,Goldenrod,2004
1926,Hyundai,Scoupe,Red,1993
1434,Saab,9-4X,Violet,2011
1073,Merkur,XR4Ti,Fuscia,1985
1530,BMW,1 Series,Crimson,2010
1276,Honda,Element,Blue,2007
1967,Mercedes-Benz,W201,Goldenrod,1993
1191,Infiniti,G37,Red,2009
1007,BMW,M5,Puce,2000
1251,Mercedes-Benz,GL-Class,Pink,2011
1708,Hyundai,Tiburon,Purple,1997
1211,Buick,Century,Pink,1993
1971,Dodge,Dakota,Red,2011
1243,Honda,Insight,Turquoise,2001
1362,Maybach,Landaulet,Blue,2009
1039,Audi,Allroad,Orange,2003
1377,Dodge,Caravan,Purple,2005
1867,Suzuki,Grand Vitara,Crimson,2007
1670,Nissan,Maxima,Orange,1994
1325,Volvo,V70,Khaki,2000
1576,Audi,S4,Teal,1993
1251,Hyundai,Equus,Teal,2013
1003,Hyundai,Accent,Teal,2013
1687,Volkswagen,Tiguan,Orange,2009
1630,Mercedes-Benz,C-Class,Turquoise,2005
1754,Pontiac,Bonneville,Purple,1967
1450,Ford,E250,Khaki,2009
1563,Subaru,SVX,Teal,1992
1129,Studebaker,Avanti,Khaki,1962
1169,Ford,Expedition,Orange,1997
1913,Plymouth,Acclaim,Mauv,1994
1680,Jeep,Liberty,Orange,2010
1537,Ford,LTD Crown Victoria,Teal,1984
1557,Cadillac,Seville,Purple,2002
1003,Suzuki,Verona,Fuscia,2006
1607,Honda,Ridgeline,Puce,2009
1152,Suzuki,Sidekick,Maroon,1991
1944,BMW,760,Puce,2006
1515,Kia,Optima,Orange,2012
1153,Mercury,Cougar,Maroon,1993
1514,Lexus,LX,Mauv,1999
1802,Subaru,Outback Sport,Teal,2002
1525,Chevrolet,Colorado,Orange,2008
1258,Toyota,Tundra,Pink,2004
1937,Suzuki,Swift,Violet,1998
1627,Chrysler,Concorde,Orange,2001
1582,GMC,Vandura 1500,Teal,1993
1088,Lincoln,LS,Red,2006
1386,Mazda,Mazda6,Teal,2009
1160,Pontiac,Firebird,Fuscia,1996
1364,Audi,A6,Crimson,1996
1305,Pontiac,Montana SV6,Red,2005
1500,Mercury,Milan,Mauv,2007
1398,Isuzu,Trooper,Pink,1996
1987,GMC,Jimmy,Khaki,1995
1481,Suzuki,Swift,Turquoise,1998
1189,Ford,Bronco,Crimson,1994
1462,Lexus,ES,Khaki,2006
1979,Hyundai,Elantra,Turquoise,1997
1397,Volkswagen,Jetta,Red,2001
1071,Lexus,SC,Turquoise,2009
1893,Ford,Escort,Khaki,1984
1787,Ford,F150,Goldenrod,2012
1867,Ford,Expedition,Mauv,2011
1892,Nissan,Altima,Mauv,2001
1835,Mercedes-Benz,M-Class,Pink,2004
1362,Audi,A4,Orange,2006
1930,Lincoln,Continental,Red,1992
1040,Volvo,S60,Orange,2006
1697,Chevrolet,Suburban 2500,Turquoise,2002
1449,Ford,Thunderbird,Orange,1988
1326,BMW,M5,Fuscia,1992
1226,Hummer,H2,Blue,2005
1634,Ford,LTD Crown Victoria,Aquamarine,1990
1833,Subaru,Outback Sport,Teal,2002
1616,Pontiac,Trans Sport,Mauv,1991
1934,Ford,Five Hundred,Indigo,2006
1969,Scion,tC,Maroon,2012
1997,Toyota,4Runner,Aquamarine,1992
1668,Ford,F-Series,Violet,2001
1769,Buick,Coachbuilder,Khaki,1992
1154,Toyota,Supra,Yellow,1998
1299,Mazda,RX-7,Pink,1992
1179,Subaru,Legacy,Red,2011
1128,Mazda,Tribute,Mauv,2010
1283,Chevrolet,Malibu,Teal,2008
1536,BMW,1 Series,Turquoise,2010
1806,Cadillac,DTS,Blue,2008
1610,BMW,X3,Purple,2008
1676,MINI,Clubman,Crimson,2010
1996,Toyota,T100 Xtra,Turquoise,1997
1416,Ford,F150,Yellow,2010
1037,BMW,3 Series,Puce,1996
1679,BMW,M3,Yellow,2009
1791,Suzuki,Vitara,Goldenrod,2003
1474,Hyundai,Santa Fe,Pink,2001
1819,Hyundai,Entourage,Blue,2009
1120,Plymouth,Grand Voyager,Green,1998
1281,Mazda,RX-8,Crimson,2008
1165,Audi,RS 6,Blue,2003
1248,Mitsubishi,Outlander Sport,Puce,2012
1873,Chevrolet,Equinox,Red,2011
1186,Saturn,VUE,Khaki,2006
1984,Volkswagen,Cabriolet,Yellow,1989
1599,Kia,Amanti,Purple,2007
1974,Dodge,Grand Caravan,Goldenrod,1997
1488,Pontiac,Montana,Blue,2005
1194,Nissan,Versa,Goldenrod,2010
1709,Audi,A4,Purple,1997
1025,Panoz,Esperante,Blue,2006
1517,Toyota,Sienna,Green,2004
1030,Lexus,RX,Yellow,2012
1336,Mercedes-Benz,CLK-Class,Green,1998
1551,Volkswagen,GTI,Maroon,2003
1865,Nissan,Frontier,Purple,2006
1389,Cadillac,STS,Crimson,2009
1960,GMC,Suburban 2500,Aquamarine,1994
1767,Volvo,C70,Puce,1999
1489,Honda,Element,Teal,2003
1219,Audi,A4,Teal,2000
1671,Kia,Sportage,Aquamarine,2007
1035,Lexus,GX,Mauv,2005
1928,Nissan,NX,Puce,1993
1229,Buick,Special,Blue,1962
1617,Hyundai,Sonata,Purple,2001
1429,Dodge,Dakota,Orange,2002
1190,Kia,Sportage,Indigo,2010
1665,Chrysler,LeBaron,Blue,1992
1112,Dodge,Avenger,Yellow,1995
1720,Lincoln,MKT,Mauv,2010
1935,Plymouth,Colt,Purple,1993
1934,Plymouth,Reliant,Crimson,1981
1927,Ford,Festiva,Turquoise,1990
1140,Ford,Festiva,Teal,1990
1422,Mazda,B2600,Khaki,1989
1462,Mazda,B-Series,Violet,2005
1213,GMC,Savana 3500,Orange,2005
1970,Buick,Somerset,Green,1986
1021,Subaru,Legacy,Puce,2010
1188,Volkswagen,Jetta,Fuscia,1986
1591,Chevrolet,Corvette,Mauv,1973
1679,Land Rover,Discovery,Blue,2004
1150,GMC,Sierra 1500,Violet,2008
1530,Ford,Expedition,Violet,2009
1699,Oldsmobile,Alero,Khaki,2000
1231,Isuzu,Oasis,Crimson,1998
1539,Scion,xB,Aquamarine,2004
1316,Jaguar,S-Type,Mauv,2003
1381,Toyota,Corolla,Yellow,2004
1304,Lincoln,Navigator,Puce,2003
1530,Nissan,Cube,Fuscia,2011
1889,Chevrolet,Uplander,Fuscia,2006
1896,Hyundai,XG350,Crimson,2002
1529,Subaru,Justy,Turquoise,1992
1400,GMC,Yukon XL 1500,Green,2001
1962,Jeep,Wrangler,Red,2012
1284,Dodge,Dakota,Fuscia,2000
1961,Ford,EXP,Purple,1986
1110,Bentley,Mulsanne,Red,2011
1949,Lexus,LX,Green,2006
1766,Toyota,Highlander,Violet,2002
1005,Volkswagen,Jetta,Teal,2009
1038,Honda,Ridgeline,Crimson,2006
1487,Mitsubishi,Pajero,Pink,1986
1569,Chrysler,Cirrus,Aquamarine,1996
1923,Mercury,Milan,Purple,2008
1865,Chevrolet,Express 3500,Violet,2004
1778,Audi,TT,Violet,2012
1626,Volkswagen,Jetta,Pink,2001
1549,GMC,Yukon XL 2500,Crimson,2009
1114,BMW,3 Series,Goldenrod,2007
1016,Mazda,323,Goldenrod,1992
1544,Toyota,Avalon,Blue,2002
1720,Mazda,Mazda3,Violet,2012
1190,Hummer,H1,Khaki,1999
1407,Chevrolet,Corvette,Crimson,1997
1321,Toyota,TundraMax,Goldenrod,2009
1071,Mercury,Milan,Puce,2010
1010,Ford,Probe,Pink,1989
1961,GMC,Savana 1500,Yellow,2001
1751,Subaru,Tribeca,Teal,2010
1531,GMC,Yukon XL 2500,Fuscia,2003
1067,Audi,90,Blue,1991
1912,Lamborghini,Gallardo,Violet,2007
1858,Lotus,Esprit,Puce,2001
1550,Peugeot,207,Indigo,2006
1934,Ford,F-Series,Maroon,1988
1608,Cadillac,Allante,Aquamarine,1992
1283,Toyota,Matrix,Turquoise,2009
1226,Pontiac,Grand Prix,Puce,1964
1564,Infiniti,G,Teal,1993
1188,Saturn,Ion,Khaki,2006
1587,Maserati,Quattroporte,Puce,1986
1292,Chevrolet,2500,Turquoise,1998
1581,BMW,M Roadster,Purple,2007
1151,Volkswagen,Passat,Turquoise,2007
1493,Alfa Romeo,Spider,Orange,1994
1640,Ford,E150,Indigo,2008
1376,Toyota,Corolla,Mauv,1996
1847,BMW,X6,Fuscia,2010
1228,Ford,Aspire,Orange,1997
1647,Plymouth,Sundance,Mauv,1993
1907,Audi,R8,Crimson,2009
1332,Cadillac,Seville,Pink,2002
1825,Infiniti,Q,Teal,2001
1267,Ford,Taurus,Mauv,1988
1340,Ford,Explorer Sport Trac,Goldenrod,2007
1199,Infiniti,QX,Puce,2011
1181,Nissan,Maxima,Goldenrod,2002
1303,Maybach,Landaulet,Blue,2010
1747,Hummer,H2 SUV,Red,2006
1034,Mercedes-Benz,SL-Class,Maroon,2008
1219,Lamborghini,Murciélago,Puce,2007
1435,Acura,NSX,Teal,1993
1295,Lexus,ES,Fuscia,1998
1406,Nissan,Sentra,Violet,1992
1762,Toyota,Avalon,Teal,2006
1162,Dodge,Magnum,Violet,2007
1516,GMC,Rally Wagon G3500,Crimson,1995
1650,GMC,Sierra 2500HD,Blue,2006
1944,Mazda,B2600,Crimson,1989
1937,Nissan,Frontier,Blue,2002
1175,Nissan,Sentra,Turquoise,2008
1786,Volkswagen,Eurovan,Crimson,1997
1937,Mercedes-Benz,W126,Orange,1981
1177,GMC,Yukon,Purple,1995
1761,Chevrolet,Cobalt,Crimson,2009
1064,Hyundai,Accent,Purple,2005
1363,Mercedes-Benz,E-Class,Aquamarine,1992
1208,Isuzu,i-370,Purple,2008
1200,Mercedes-Benz,500SL,Red,1993
1038,Mitsubishi,Expo,Red,1993
1625,Chrysler,Cirrus,Puce,1998
1458,Volkswagen,riolet,Khaki,1992
1057,Mercedes-Benz,S-Class,Maroon,1996
1875,Volvo,S80,Yellow,2000
1521,Isuzu,i-Series,Turquoise,2007
1182,Volkswagen,Type 2,Blue,1991
1014,Dodge,Neon,Goldenrod,1998
1220,Chevrolet,Silverado 1500,Red,2011
1116,Chevrolet,Corvette,Aquamarine,1972
1226,Pontiac,Firefly,Teal,1989
1207,Ford,Excursion,Turquoise,2002
1360,Mitsubishi,GTO,Fuscia,1991
1049,Acura,RDX,Orange,2012
1182,Toyota,Venza,Red,2012
1229,GMC,Sierra 2500,Goldenrod,2000
1951,BMW,8 Series,Khaki,1993
1740,Ford,F150,Indigo,1994
1485,Hyundai,Tiburon,Maroon,2005
1351,Saturn,Outlook,Indigo,2007
1138,BMW,X5 M,Khaki,2012
1662,Subaru,SVX,Khaki,1993
1149,Audi,90,Pink,1994
1773,Audi,S4,Goldenrod,2006
1729,Toyota,TundraMax,Pink,2010
1321,Nissan,Murano,Fuscia,2009
1179,Cadillac,Fleetwood,Violet,1996
1646,Mercedes-Benz,M-Class,Maroon,1998
1168,Chrysler,Aspen,Goldenrod,2007
1941,Volkswagen,Jetta,Maroon,1988
1324,Porsche,Boxster,Indigo,1998
1286,Chevrolet,Monte Carlo,Turquoise,2006
1045,Volkswagen,Jetta,Yellow,1995
1819,Buick,Terraza,Purple,2005
1216,Mercury,Cougar,Mauv,1985
1630,GMC,Savana 1500,Crimson,2003
1332,Nissan,Quest,Fuscia,1998
1136,Dodge,Ram Van 3500,Blue,2000
1527,Kia,Spectra,Puce,2002
1175,Ford,Bronco II,Yellow,1986
1457,GMC,Suburban 2500,Indigo,1994
1497,Cadillac,Eldorado,Purple,2001
1622,Ford,F-Series,Mauv,2010
1038,Lincoln,Mark VIII,Crimson,1993
1397,Lotus,Elise,Maroon,2007
1284,Chevrolet,Corvette,Red,1988
1424,Acura,RL,Purple,2007
1959,Mitsubishi,Chariot,Red,1989
1361,Toyota,4Runner,Puce,2008
1763,Toyota,Highlander,Yellow,2005
1368,Mitsubishi,RVR,Puce,1992
1792,Nissan,GT-R,Purple,2010
1392,Pontiac,Grand Prix,Violet,1969
1618,BMW,530,Aquamarine,2006
1117,Land Rover,Range Rover Sport,Crimson,2012
1465,Toyota,Avalon,Pink,2007
1400,Nissan,Quest,Turquoise,1997
1213,Maybach,57,Mauv,2009
1545,Chrysler,Town & Country,Crimson,2003
1024,Buick,Enclave,Puce,2009
1905,Mazda,929,Puce,1987
1782,Ford,E350,Goldenrod,2006
1208,Ford,Explorer,Purple,1996
1554,BMW,5 Series,Violet,1995
1381,Hyundai,Azera,Pink,2012
1358,Lamborghini,Gallardo,Puce,2005
1160,Mazda,626,Fuscia,1991
1172,Infiniti,FX,Puce,2012
1852,Volvo,V40,Maroon,2000
1253,Chevrolet,Express,Purple,2008
1483,Nissan,Sentra,Indigo,1997
1963,Volkswagen,GTI,Blue,1997
1194,Chevrolet,Equinox,Puce,2007
1737,Chevrolet,Colorado,Khaki,2004
1141,Isuzu,Amigo,Green,1994
1002,Volkswagen,Eos,Teal,2008
1221,GMC,2500,Goldenrod,1994
1277,Chevrolet,Silverado 1500,Khaki,2009
1822,Cadillac,SRX,Orange,2008
1643,GMC,Safari,Khaki,1992
1072,Chevrolet,Tahoe,Crimson,1995
1514,Aston Martin,Vantage,Red,2008
1951,Jaguar,XJ Series,Violet,1992
1264,Volkswagen,Golf,Turquoise,2005
1916,Mercury,Capri,Turquoise,1993
1001,Buick,Park Avenue,Khaki,2004
1517,Mercedes-Benz,CLS-Class,Aquamarine,2007
1778,Chevrolet,Express 3500,Green,2009
1922,Ford,Expedition EL,Teal,2010
1606,Mercury,Lynx,Pink,1984
1569,Dodge,Ram Wagon B150,Maroon,1993
1691,Mercury,Grand Marquis,Violet,1997
1520,GMC,Yukon,Red,1992
1952,Nissan,NV2500,Puce,2012
1522,Ford,Ranger,Blue,1988
1096,Subaru,Legacy,Aquamarine,1993
1148,Mitsubishi,Precis,Indigo,1994
1078,Hyundai,Azera,Orange,2008
1498,Kia,Spectra,Purple,2008
1791,GMC,Jimmy,Pink,1997
1605,GMC,Sonoma,Red,2004
1058,Volkswagen,Passat,Mauv,2006
1217,BMW,Z3,Green,1999
1889,Suzuki,Swift,Indigo,1997
1930,GMC,Sierra 2500,Orange,2010
1569,Ferrari,458 Italia,Orange,2012
1502,BMW,M3,Purple,1995
1345,Oldsmobile,Intrigue,Pink,2002
1800,GMC,Suburban 2500,Violet,1993
1594,Acura,MDX,Fuscia,2004
1136,Chevrolet,Silverado 1500,Teal,2010
1665,Bentley,Azure,Crimson,2007
1751,Audi,RS 4,Goldenrod,2007
1356,Saab,9-3,Khaki,2007
1168,Kia,Optima,Teal,2003
1122,Citroën,CX,Yellow,1989
1319,Plymouth,Grand Voyager,Red,1999
1442,Ford,Courier,Blue,1987
1948,Mitsubishi,Precis,Teal,1994
1690,Mercury,Villager,Fuscia,2000
1048,GMC,Savana 3500,Orange,2009
1377,Subaru,Outback,Fuscia,2000
1147,Suzuki,Swift,Orange,2001
1774,Mitsubishi,3000GT,Puce,1998
1561,Ford,Windstar,Fuscia,2000
1023,Ford,LTD Crown Victoria,Yellow,1988
1587,Chrysler,Town & Country,Yellow,2006
1267,Chevrolet,Malibu,Goldenrod,2011
1142,Suzuki,Grand Vitara,Pink,2007
1602,Cadillac,Seville,Blue,1993
1149,Chevrolet,Corvette,Fuscia,1973
1413,Infiniti,Q,Khaki,1994
1309,Maybach,Landaulet,Violet,2010
1168,Porsche,Boxster,Indigo,2008
1903,Eagle,Talon,Pink,1995
1150,Oldsmobile,98,Goldenrod,1993
1484,Land Rover,Discovery,Turquoise,2002
1662,Pontiac,6000,Khaki,1991
1006,GMC,Yukon,Turquoise,1999
1925,Hyundai,Accent,Yellow,2011
1120,Toyota,Yaris,Mauv,2010
1596,Mercedes-Benz,SL-Class,Aquamarine,2001
1146,Lexus,IS,Teal,2006
1781,Jaguar,S-Type,Red,2004
1735,Subaru,Loyale,Yellow,1991
1036,Suzuki,SJ,Mauv,1995
1178,Nissan,240SX,Purple,1997
1999,Ford,Econoline E350,Teal,2002
1824,Toyota,Tundra,Pink,2011
1233,Volkswagen,CC,Maroon,2013
1800,Dodge,Ram 2500,Puce,2001
1380,Chevrolet,G-Series G20,Khaki,1992
1013,Chevrolet,Monza,Green,1975
1761,Mazda,B-Series,Orange,1997
1224,Ford,Bronco II,Fuscia,1986
1301,Tesla,Roadster,Maroon,2011
1236,Volkswagen,Eos,Maroon,2009
1779,Cadillac,Escalade EXT,Puce,2008
1164,Chevrolet,Express 1500,Aquamarine,2011
1098,Ford,Taurus,Turquoise,1986
1462,Chevrolet,Monte Carlo,Turquoise,2006
1219,Buick,Century,Blue,1989
1515,Pontiac,Trans Sport,Puce,1997
1488,BMW,M5,Pink,2002
1398,Dodge,Ram 1500,Green,1999
1981,Chrysler,Voyager,Green,2003
1838,BMW,Z3,Orange,1996
1168,Mercedes-Benz,300CE,Puce,1993
1750,Ford,Fusion,Crimson,2013
1436,Subaru,Impreza,Crimson,1995
1520,Pontiac,Sunfire,Maroon,1998
1051,Chevrolet,S10,Goldenrod,1998
1523,Hyundai,Elantra,Indigo,2001
1700,Audi,A3,Purple,2008
1565,Toyota,FJ Cruiser,Indigo,2009
1959,Plymouth,Acclaim,Red,1993
1302,Volkswagen,Passat,Khaki,1987
1175,Dodge,Neon,Orange,2000
1794,Toyota,Sequoia,Goldenrod,2012
1058,Geo,Prizm,Yellow,1993
1051,Lamborghini,Diablo,Crimson,1994
1158,Mitsubishi,Mirage,Fuscia,1990
1488,Mazda,Navajo,Green,1992
1339,Dodge,Stratus,Khaki,2006
1625,Mitsubishi,Excel,Pink,1988
1517,Mercury,Marquis,Yellow,1984
1336,Volkswagen,Golf III,Yellow,1994
1590,Ford,Aerostar,Teal,1986
1664,Toyota,Avalon,Yellow,2001
1163,Jeep,Liberty,Violet,2009
1890,Audi,4000CS Quattro,Green,1986
1378,Jaguar,XK Series,Fuscia,2000
1706,Kia,Rio5,Pink,2008
1901,Subaru,Impreza,Mauv,2011
1281,Ford,Explorer,Khaki,1997
1693,Nissan,240SX,Blue,1996
1014,Mercedes-Benz,SLK-Class,Turquoise,2005
1916,Dodge,Charger,Yellow,2007
1464,Buick,Rainier,Violet,2005
1548,Ford,Crown Victoria,Teal,1999
1793,Chevrolet,HHR,Yellow,2011
1101,Cadillac,XLR-V,Pink,2007
1009,Mercedes-Benz,G-Class,Crimson,2007
1977,Bugatti,Veyron,Blue,2009
1642,Lincoln,Navigator,Pink,2001
1788,Saab,9-5,Indigo,2006
1017,Chevrolet,Cobalt,Indigo,2006
1590,Pontiac,Sunfire,Teal,2002
1725,Cadillac,Seville,Indigo,2002
1056,Buick,Riviera,Indigo,1990
1414,Toyota,Sienna,Purple,2010
1137,Pontiac,G6,Maroon,2007
1865,GMC,Yukon XL 1500,Crimson,2000
1686,Toyota,Land Cruiser,Yellow,2009
1125,Mercury,Montego,Violet,2006
1815,Infiniti,G37,Pink,2011
1232,Volvo,960,Turquoise,1993
1781,Chevrolet,S10,Teal,1999
1006,Jeep,Wrangler,Maroon,1992
1854,Buick,Century,Puce,1997
1585,Pontiac,Grand Prix,Pink,2004
1572,Subaru,SVX,Green,1992
1572,Mercedes-Benz,SLR McLaren,Khaki,2008
1374,Chevrolet,Silverado 3500,Puce,2001
1646,Buick,Century,Violet,1988
1397,Ford,Windstar,Indigo,1999
1071,Lexus,IS,Red,2003
1958,Land Rover,Discovery,Orange,2006
1034,Land Rover,LR4,Goldenrod,2012
1017,Chevrolet,Suburban 1500,Maroon,2007
1201,Mitsubishi,Outlander Sport,Purple,2012
1086,Infiniti,G35,Fuscia,2006
1222,Honda,Civic,Aquamarine,2007
1884,Suzuki,Forenza,Crimson,2005
1311,Toyota,Camry,Pink,1999
1784,Oldsmobile,Bravada,Maroon,2002
1007,BMW,745,Indigo,2004
1182,Ford,Th!nk,Red,2002
1313,Ford,Fusion,Mauv,2011
1867,Mazda,626,Maroon,1984
1415,Pontiac,Firefly,Maroon,1985
1132,Dodge,Ram Wagon B150,Goldenrod,1994
1292,Land Rover,Discovery,Pink,1999
1493,Mercury,Mystique,Khaki,1996
1628,Volkswagen,Cabriolet,Khaki,2001
1765,Volkswagen,GTI,Fuscia,1989
1028,Mitsubishi,Galant,Violet,1991
1406,Ford,F250,Puce,2004
1476,Pontiac,Tempest,Pink,1965
1825,Maserati,GranTurismo,Purple,2012
1768,Mercury,Cougar,Purple,1968
1144,Plymouth,Grand Voyager,Blue,1993
1710,Geo,Tracker,Yellow,1994
1419,Mazda,Mazdaspeed 3,Turquoise,2011
1509,Hummer,H1,Crimson,1999
1881,Ford,Fusion,Goldenrod,2007
1206,Audi,A4,Teal,2012
1820,Suzuki,Grand Vitara,Yellow,1999
1325,Honda,CR-V,Turquoise,2002
1586,Bentley,Continental Flying Spur,Aquamarine,2006
1953,Mitsubishi,Truck,Teal,1994
1369,Isuzu,VehiCROSS,Teal,2001
1333,GMC,Savana,Purple,2009
1488,Mazda,MPV,Mauv,1991
1723,Lexus,LX,Violet,2006
1314,Chevrolet,Aveo,Red,2008
1067,Dodge,Grand Caravan,Pink,2012
1711,BMW,Z3,Aquamarine,1997
1498,Chevrolet,Express 1500,Mauv,2008
1541,Mazda,GLC,Crimson,1984
1893,Jeep,Liberty,Goldenrod,2002
1687,Mitsubishi,Cordia,Fuscia,1986
1815,Nissan,Quest,Crimson,2012
1003,Chevrolet,Silverado 1500,Crimson,2012
1005,Ford,Taurus,Blue,2006
1797,Infiniti,Q,Turquoise,2006
1933,Mazda,Miata MX-5,Khaki,2006
1024,Mazda,B-Series,Teal,1991
1291,Mercury,Cougar,Pink,1989
1706,Ford,Focus,Purple,2005
1599,GMC,Savana 3500,Purple,2010
1790,Ford,Mustang,Orange,2010
1796,Mercedes-Benz,Sprinter 2500,Aquamarine,2012
1698,Plymouth,Grand Voyager,Goldenrod,1994
1565,Ford,LTD Crown Victoria,Crimson,1991
1046,Mazda,B-Series,Maroon,2005
1310,Chrysler,Fifth Ave,Khaki,1993
1416,Porsche,924,Mauv,1988
1014,Mercedes-Benz,E-Class,Fuscia,2003
1127,Chevrolet,Impala,Violet,2001
1064,Jeep,Grand Cherokee,Red,2006
1070,Chevrolet,Express 3500,Pink,2002
1714,Honda,CR-V,Maroon,2006
1452,Lotus,Esprit,Turquoise,1996
1098,Chevrolet,Silverado 3500,Indigo,2005
1041,Honda,Civic,Khaki,1994
1997,Honda,Civic,Goldenrod,2002
1329,Suzuki,Esteem,Khaki,1997
1988,Nissan,Titan,Red,2004
1949,Lincoln,MKT,Pink,2013
1787,GMC,Safari,Pink,1999
1825,Mercury,Cougar,Mauv,1967
1224,Saturn,Ion,Blue,2004
1329,Chevrolet,APV,Orange,1993
1232,Lincoln,Continental,Mauv,1986
1857,Chevrolet,Impala SS,Maroon,1995
1596,Lincoln,Town Car,Indigo,2005
1847,Lexus,LS,Green,2010
1120,Volkswagen,Jetta,Purple,2004
1232,Toyota,4Runner,Green,2000
1360,Buick,LeSabre,Teal,1987
1085,Suzuki,Equator,Maroon,2012
1968,Honda,Accord,Blue,1986
1274,Mercedes-Benz,SL-Class,Goldenrod,1991
1377,Austin,Mini,Violet,1959
1885,Chevrolet,Lumina,Crimson,1997
1407,Audi,TT,Yellow,2012
1953,Mazda,Mazda6,Violet,2009
1624,Cadillac,SRX,Goldenrod,2005
1136,Land Rover,LR2,Turquoise,2011
1990,Chevrolet,Suburban 1500,Fuscia,2004
1586,Nissan,Sentra,Crimson,1993
1024,Mitsubishi,Cordia,Purple,1988
1041,Porsche,924 S,Orange,1987
1025,Saab,9-3,Green,2011
1079,Ford,Excursion,Pink,2001
1242,Jeep,Wrangler,Goldenrod,2004
1812,Mercedes-Benz,C-Class,Teal,2005
1860,Scion,tC,Orange,2011
1275,Dodge,Intrepid,Fuscia,2001
1955,Nissan,Versa,Violet,2010
1089,Chevrolet,Corvette,Pink,1986
1866,Hyundai,Accent,Blue,2006
1672,Volvo,XC90,Aquamarine,2012
1576,Mazda,Protege,Purple,1992
1875,Ford,Escort,Maroon,1998
1781,Porsche,Cayman,Fuscia,2009
1379,GMC,2500 Club Coupe,Orange,1992
1303,Mazda,Protege,Purple,1996
1588,GMC,Sierra,Aquamarine,2011
1596,Jaguar,XJ Series,Red,1995
1387,Chevrolet,Corvette,Orange,2003
1050,Volvo,V70,Teal,2006
1654,Cadillac,Escalade ESV,Orange,2011
1657,Pontiac,Grand Prix,Turquoise,1994
1575,Buick,Electra,Violet,1985
1072,Buick,Reatta,Purple,1989
1757,Lexus,IS F,Indigo,2008
1842,Dodge,Avenger,Maroon,1997
1148,Volvo,960,Puce,1995
1299,Nissan,Armada,Aquamarine,2006
1695,Bentley,Azure,Goldenrod,2010
1643,Volvo,940,Aquamarine,1994
1294,Dodge,Stratus,Blue,1995
1841,Mitsubishi,Mirage,Crimson,1991
1982,Ford,Aerostar,Crimson,1993
1865,Mercury,Mariner,Aquamarine,2005
1812,Suzuki,Swift,Mauv,1990
1036,Kia,Soul,Red,2012
1921,Mitsubishi,Outlander,Indigo,2011
1709,Saturn,S-Series,Indigo,1999
1925,Ford,F-Series,Puce,2011
1992,Chevrolet,Corvette,Crimson,1954
1200,Audi,90,Goldenrod,1990
1649,Volvo,V50,Khaki,2005
1015,Oldsmobile,Bravada,Green,2004
1767,Porsche,911,Purple,2013
1768,Ford,Mustang,Teal,2001
1506,Nissan,Altima,Mauv,1997
1335,Volkswagen,Corrado,Pink,1991
1646,Dodge,Colt,Teal,1989
1601,Land Rover,Range Rover,Violet,1996
1309,Land Rover,Freelander,Crimson,2004
1048,Nissan,Sentra,Pink,2004
1068,Land Rover,Range Rover,Mauv,1993
1912,Mazda,Navajo,Aquamarine,1993
1185,Volvo,V70,Green,2008
1706,Ford,Windstar,Orange,2000
1203,Isuzu,Trooper,Violet,1996
1895,Mitsubishi,Montero,Mauv,2000
1362,Lincoln,Continental Mark VII,Khaki,1985
1999,Chevrolet,Cobalt,Goldenrod,2009
1987,Infiniti,G,Violet,1993
1339,Nissan,Cube,Crimson,2011
1982,Dodge,Ram 2500,Purple,1996
1775,Subaru,Brat,Purple,1985
1827,Chevrolet,Silverado 3500,Aquamarine,2003
1917,Pontiac,Gemini,Violet,1987
1266,Mitsubishi,Tredia,Aquamarine,1985
1777,Mitsubishi,Sigma,Purple,1989
1851,Pontiac,Vibe,Pink,2008
1316,Pontiac,Grand Prix,Aquamarine,1997
1909,Chevrolet,Corvette,Puce,1958
1753,Mitsubishi,Pajero,Aquamarine,2001
1253,Chrysler,300M,Mauv,2000
1161,Ford,Explorer Sport Trac,Goldenrod,2004
1483,Jaguar,S-Type,Puce,2006
1865,BMW,7 Series,Red,1993
1640,Ford,E-Series,Red,1987
1069,GMC,Savana,Yellow,2010
1257,Toyota,Echo,Mauv,2005
1808,Ford,LTD Crown Victoria,Violet,1989
1031,GMC,Sonoma,Turquoise,2000
1988,Dodge,Stratus,Fuscia,2004
1668,Audi,Allroad,Puce,2004
1396,Suzuki,Forenza,Mauv,2005
1584,Mercury,Marauder,Puce,2003
1394,Honda,Accord,Violet,1998
1965,Isuzu,Hombre Space,Khaki,1999
1027,Volvo,240,Blue,1993
1840,Citroën,SM,Goldenrod,1972
1141,Nissan,NV3500,Aquamarine,2012
1579,GMC,Yukon XL 2500,Aquamarine,2011
1422,Lexus,LS,Fuscia,1997
1002,Mazda,Protege,Orange,2003
1043,MINI,Cooper Clubman,Mauv,2010
1380,GMC,Savana,Crimson,2008
1957,Saab,9-5,Blue,2007
1456,Ford,Club Wagon,Yellow,1993
1800,Volvo,S40,Indigo,2009
1138,Volkswagen,Tiguan,Pink,2010
1880,Chrysler,Sebring,Orange,2003
1371,Lexus,GX,Puce,2010
1047,Dodge,Intrepid,Pink,1999
1398,Jaguar,XK Series,Yellow,2002
1093,Mazda,626,Violet,1997
1357,Volvo,XC90,Maroon,2007
1162,BMW,X3,Purple,2010
1324,BMW,M5,Fuscia,2008
1801,Mitsubishi,Pajero,Violet,1997
1673,Jeep,Liberty,Khaki,2011
1824,Toyota,Sequoia,Orange,2011
1542,Honda,Civic,Turquoise,2000
1074,Dodge,Challenger,Teal,2009
1750,Mercury,Sable,Red,1999
1609,Mazda,RX-8,Pink,2009
1662,Acura,TL,Mauv,1996
1824,Buick,LeSabre,Turquoise,1986
1934,GMC,Vandura 1500,Teal,1994
1888,Mercury,Cougar,Yellow,1999
1289,Ford,Five Hundred,Maroon,2007
1740,Chevrolet,Lumina,Aquamarine,1993
1622,Honda,Prelude,Fuscia,1984
1339,Mazda,626,Turquoise,1993
1651,Lincoln,Navigator,Maroon,2001
1298,Nissan,Maxima,Goldenrod,2003
1235,Ford,E150,Indigo,2010
1837,Ford,F-Series,Maroon,2008
1624,Mazda,Tribute,Mauv,2009
1317,BMW,X6 M,Mauv,2010
1395,Mercedes-Benz,E-Class,Aquamarine,2005
1290,Lexus,LX,Purple,2011
1488,Bentley,Continental,Orange,2010
1283,Ford,Five Hundred,Orange,2005
1259,Ford,E-Series,Crimson,2008
1194,Kia,Rio,Yellow,2004
1779,Aston Martin,Vantage,Fuscia,2009
1791,Ford,F-250 Super Duty,Teal,2006
1898,Volkswagen,Fox,Puce,1990
1880,Chevrolet,Tahoe,Crimson,2010
1409,Mitsubishi,3000GT,Green,1994
1162,Subaru,Outback,Green,2002
1119,Maybach,62,Fuscia,2006
1956,Oldsmobile,Silhouette,Crimson,2001
1309,Pontiac,Bonneville,Goldenrod,1986
1925,Chevrolet,G-Series G30,Green,1993
1008,Jensen,Interceptor,Blue,1966
1750,Chevrolet,Express 2500,Goldenrod,1999
1088,Ford,F250,Yellow,2006
1726,Chevrolet,Vega,Puce,1971
1295,Ford,Explorer,Goldenrod,2004
1752,Acura,TL,Khaki,2006
1668,Chrysler,Crossfire,Teal,2008
1765,Suzuki,SJ,Yellow,1995
1741,Pontiac,Safari,Crimson,1987
1976,Infiniti,QX56,Indigo,2011
1236,Mazda,B-Series Plus,Yellow,1992
1624,Subaru,Legacy,Blue,1996
1447,Lamborghini,Diablo,Aquamarine,1996
1675,BMW,Z4 M,Khaki,2007
1080,BMW,Alpina B7,Mauv,2008
1139,Dodge,Ram 2500,Green,2001
2000,Volkswagen,GTI,Green,1989
1715,Lexus,LS,Indigo,2004
1642,Honda,Passport,Aquamarine,1994
1757,Mercedes-Benz,SL-Class,Turquoise,2007
1836,Chevrolet,Malibu,Turquoise,2004
1160,BMW,530,Pink,2003
1735,Kia,Sedona,Khaki,2009
1372,Ford,F-Series,Orange,1993
1025,Volkswagen,Passat,Purple,1991
1339,Toyota,Sienna,Goldenrod,2001
1109,Lincoln,LS,Yellow,2002
1684,Dodge,Colt,Indigo,1994
1980,Chevrolet,Cobalt,Pink,2010
1125,Pontiac,Sunfire,Khaki,2001
1667,Chevrolet,Express 2500,Teal,1996
1164,Lexus,RX,Crimson,2012
1542,Chevrolet,Aveo,Red,2010
1022,GMC,Sierra 1500,Indigo,2008
1231,Chrysler,Town & Country,Crimson,2007
1143,Lexus,IS,Turquoise,2009
1019,Pontiac,Chevette,Pink,1987
1012,Dodge,Stratus,Pink,1996
1009,Subaru,Loyale,Orange,1993
1351,Volvo,XC90,Violet,2003
1673,Mitsubishi,Mirage,Turquoise,1986
1740,Honda,Pilot,Puce,2002
1147,Hyundai,Elantra,Blue,2007
1995,Nissan,Sentra,Blue,1992
1432,Mitsubishi,Chariot,Fuscia,1985
1715,Nissan,240SX,Orange,1992
1115,Pontiac,6000,Fuscia,1988
1603,Buick,Century,Red,1999
1245,Lincoln,Town Car,Maroon,2003
1389,Dodge,Charger,Purple,2011
1804,Isuzu,i-350,Teal,2006
1302,GMC,2500,Puce,1996
1114,Ford,F350,Maroon,2008
1858,Mercedes-Benz,GL-Class,Yellow,2007
1201,Lexus,RX,Teal,2004
1340,GMC,Envoy,Violet,2003
1038,Hyundai,Tiburon,Teal,2000
1758,Chevrolet,Express 3500,Pink,2011
1092,Volvo,V50,Maroon,2010
1048,Volvo,V90,Turquoise,1998
1644,Jaguar,XK,Orange,2009
1373,Suzuki,Grand Vitara,Blue,2009
1400,Ferrari,612 Scaglietti,Orange,2009
1814,Suzuki,Samurai,Puce,1993
1834,Mazda,B-Series Plus,Turquoise,2003
1380,Chrysler,Concorde,Orange,2000
1667,Mercedes-Benz,E-Class,Pink,2003
1830,Infiniti,I,Red,2000
1730,Cadillac,Escalade EXT,Pink,2008
1879,Chevrolet,SSR,Maroon,2005
1585,Jaguar,XK,Pink,2010
1046,Acura,TL,Maroon,2004
1417,Lincoln,Town Car,Pink,2000
1430,Lexus,RX Hybrid,Purple,2011
1447,Kia,Optima,Red,2002
1792,Mitsubishi,Galant,Khaki,1993
1603,Lincoln,Town Car,Green,1984
1261,Ford,Windstar,Teal,1999
1379,Mercedes-Benz,600SL,Yellow,1993
1896,Mercedes-Benz,E-Class,Mauv,2005
1295,Buick,Skylark,Violet,1998
1964,Plymouth,Volare,Turquoise,1976
1559,Mazda,Tribute,Red,2005
1659,Ford,GT,Pink,2005
1313,Chevrolet,Suburban 2500,Goldenrod,2003
1106,Chevrolet,Silverado,Teal,2006
1990,Mitsubishi,Cordia,Blue,1988
1933,Ford,F-Series,Fuscia,1992
1616,Suzuki,Grand Vitara,Orange,2009
1448,Mercedes-Benz,C-Class,Pink,2000
1329,Buick,LeSabre,Blue,1988
1618,Chevrolet,Cavalier,Puce,1993
1109,Ford,Taurus,Mauv,1986
1218,Peugeot,207,Fuscia,2006
1481,Hyundai,Accent,Indigo,2006
1996,Ford,F250,Mauv,2011
1101,Rolls-Royce,Ghost,Blue,2011
1315,Subaru,Brat,Khaki,1986
1296,Ford,EXP,Purple,1987
1143,Buick,Riviera,Red,1996
1224,GMC,Savana,Aquamarine,2008
1213,Maserati,Quattroporte,Aquamarine,1986
1238,Ford,Explorer,Teal,2009
1121,Volkswagen,GTI,Goldenrod,1995
1465,Maserati,GranTurismo,Teal,2010
1600,Chevrolet,Corvette,Orange,1955
1543,Chevrolet,Lumina,Turquoise,2001
1304,Chrysler,Pacifica,Maroon,2008
1732,GMC,Savana 1500,Purple,1997
1886,Bentley,Arnage,Aquamarine,2009
1340,Lincoln,Mark VII,Pink,1984
1178,BMW,3 Series,Yellow,1997
1804,Ford,Escape,Fuscia,2003
1447,Mercury,Mariner,Orange,2009
1724,Mitsubishi,RVR,Turquoise,1994
1754,Kia,Sedona,Aquamarine,2011
1796,Mercedes-Benz,M-Class,Goldenrod,1998
1427,Nissan,Pathfinder,Puce,1992
1637,Chevrolet,Express 1500,Pink,2011
1412,Dodge,Dakota,Puce,1993
1819,Infiniti,FX,Khaki,2005
1522,Suzuki,XL-7,Blue,2003
1234,Mazda,B-Series,Violet,1991
1197,BMW,M6,Fuscia,2009
1261,Saturn,L-Series,Fuscia,2002
1815,Chevrolet,Lumina APV,Maroon,1993
1335,Acura,TL,Teal,1999
1133,Toyota,Solara,Fuscia,2006
1585,Dodge,Ram 3500 Club,Teal,1997
1105,Oldsmobile,Bravada,Khaki,1992
1438,Maserati,Coupe,Green,2006
1445,Volkswagen,Eos,Blue,2009
1383,Mitsubishi,Eclipse,Yellow,2009
1844,Dodge,Intrepid,Maroon,1996
1123,Eagle,Talon,Mauv,1998
1070,Toyota,Sienna,Red,2005
1425,BMW,7 Series,Green,1992
1551,Hyundai,Tucson,Green,2007
1776,Porsche,Boxster,Yellow,2013
1931,Chevrolet,Blazer,Red,1997
1846,Nissan,Altima,Green,1995
1569,Scion,tC,Green,2007
1783,Ford,Explorer Sport Trac,Red,2006
1882,Volvo,S60,Turquoise,2012
1543,Dodge,Journey,Red,2011
1880,GMC,Rally Wagon 3500,Teal,1994
1489,Mitsubishi,Lancer,Violet,2004
1972,Mazda,MX-5,Red,2003
1159,Subaru,Legacy,Mauv,1996
1268,Porsche,Panamera,Goldenrod,2013
1910,Chevrolet,Suburban 2500,Teal,1997
1457,Cadillac,Escalade,Purple,2007
1174,Dodge,Ram,Green,2008
1609,Pontiac,Firefly,Goldenrod,1985
1643,Saab,9-3,Maroon,2009
1016,Ford,LTD,Turquoise,1986
1132,Volkswagen,Passat,Teal,2010
1747,Audi,Coupe Quattro,Goldenrod,1991
1274,Mercedes-Benz,300SE,Crimson,1993
1195,Ford,Club Wagon,Mauv,1995
1336,Mazda,323,Indigo,1994
1376,Audi,A8,Green,2012
1675,Mercedes-Benz,G-Class,Puce,2007
1445,Plymouth,Laser,Blue,1993
1253,Chevrolet,G-Series 1500,Blue,1998
1436,Chevrolet,Suburban 1500,Maroon,1995
1569,Rolls-Royce,Phantom,Aquamarine,2012
1419,Chevrolet,TrailBlazer,Blue,2003
1325,Chevrolet,Colorado,Mauv,2006
1522,Lamborghini,Diablo,Orange,2001
1419,Mercedes-Benz,600SL,Fuscia,1993
1403,Lexus,LS Hybrid,Maroon,2011
1110,Porsche,911,Khaki,2005
1801,Mercedes-Benz,C-Class,Aquamarine,1994
1232,Chevrolet,Blazer,Pink,1998
1023,Saab,9-3,Blue,2009
1698,Audi,Cabriolet,Purple,1995
1909,Pontiac,Grand Am,Red,1994
1307,Pontiac,Firebird,Goldenrod,1967
1209,Acura,MDX,Red,2003
1501,Lexus,ES,Crimson,1997
1078,Chevrolet,1500,Blue,1992
1203,Buick,Electra,Aquamarine,1988
1641,Ford,Econoline E350,Aquamarine,2001
1837,GMC,1500,Aquamarine,1995
1931,Dodge,Dakota Club,Indigo,2003
1418,Mercury,Cougar,Red,1989
1257,Suzuki,XL-7,Blue,2007
1719,Mazda,MPV,Crimson,2000
1378,Mitsubishi,Starion,Maroon,1986
1478,Subaru,Legacy,Teal,2004
1277,Mazda,B-Series,Fuscia,2005
1014,GMC,Savana 1500,Turquoise,2012
1356,Volkswagen,Jetta,Violet,1994
1346,Subaru,Forester,Purple,2001
1046,Pontiac,Grand Prix,Red,1966
1710,Pontiac,Firebird,Orange,1994
1570,Cadillac,DeVille,Mauv,1998
1214,Nissan,Quest,Orange,1999
1814,Jeep,Cherokee,Turquoise,1994
1692,Dodge,Ram Wagon B350,Violet,1993
1070,Hyundai,Veloster,Aquamarine,2013
1736,GMC,Sierra 3500,Khaki,2012
1151,GMC,Yukon XL 1500,Fuscia,2004
1573,BMW,Z4,Maroon,2003
1798,Lincoln,Navigator,Turquoise,2006
1473,Lexus,GX,Turquoise,2007
1624,Mercedes-Benz,400E,Turquoise,1993
1161,Audi,A8,Fuscia,2008
1518,Volvo,S80,Mauv,2005
1276,Subaru,Outback,Goldenrod,2000
1756,Dodge,Ram Van 3500,Teal,1996
1697,Jaguar,XK Series,Turquoise,1998
1061,Honda,Ridgeline,Mauv,2010
1948,Ford,Thunderbird,Violet,1985
1531,Honda,Passport,Aquamarine,1999
1043,Volkswagen,Golf,Khaki,1988
1760,Infiniti,FX,Purple,2010
1679,Porsche,Boxster,Mauv,2001
1648,Subaru,Impreza,Purple,2000
1582,Ford,EXP,Yellow,1988
1000,Mercury,Cougar,Orange,1993
1193,Buick,Regal,Teal,1998
1291,Honda,Odyssey,Teal,2009
1612,Suzuki,Esteem,Mauv,1996
1303,Mercedes-Benz,CLK-Class,Indigo,2003
1779,Toyota,MR2,Indigo,1992
1219,Cadillac,CTS,Crimson,2012
1849,Pontiac,Firebird,Crimson,1986
1246,GMC,Safari,Orange,1995
1348,Mazda,Familia,Fuscia,1987
1413,BMW,M6,Goldenrod,2008
1546,Maybach,62,Crimson,2005
1994,Fiat,500,Khaki,2012
1371,Volkswagen,Golf III,Red,1993
1509,Chevrolet,3500,Puce,1995
1742,Nissan,Frontier,Maroon,2006
1404,Cadillac,Escalade ESV,Teal,2010
1328,Subaru,Legacy,Fuscia,2008
1479,Mercury,Grand Marquis,Blue,1992
1791,Volvo,V50,Maroon,2005
1372,Volkswagen,Jetta,Mauv,1990
1883,Subaru,Outback,Pink,2006
1435,BMW,Z3,Teal,1999
1510,BMW,M,Aquamarine,2002
1514,Nissan,Pathfinder,Puce,2006
1520,Audi,A4,Crimson,1997
1354,Geo,Tracker,Khaki,1996
1293,Toyota,Supra,Puce,1992
1781,Lexus,CT,Crimson,2011
1417,Mitsubishi,Challenger,Aquamarine,2001
1495,Audi,A3,Turquoise,2009
1471,Mazda,CX-9,Orange,2012
1899,Ford,Windstar,Mauv,2003
1621,Mitsubishi,Truck,Puce,1996
1584,BMW,X5 M,Khaki,2013
1099,Mercury,Monterey,Crimson,2006
1653,Dodge,Dakota Club,Crimson,1993
1672,Dodge,Ram Van 3500,Turquoise,2002
1488,Mitsubishi,Lancer,Mauv,2004
1404,Dodge,Grand Caravan,Fuscia,2001
1088,Ford,Taurus,Goldenrod,2008
1631,Panoz,Esperante,Purple,2008
1087,Chevrolet,Silverado 3500,Yellow,2001
1564,Ford,E150,Crimson,2005
1653,GMC,Sierra 2500,Goldenrod,2005
1148,Ford,Explorer,Maroon,1998
1739,Mercury,Grand Marquis,Teal,1998
1740,Ford,F350,Goldenrod,1994
1150,Mercury,Grand Marquis,Purple,1998
1710,Chrysler,Pacifica,Yellow,2004
1257,Ford,Crown Victoria,Indigo,1993
1964,BMW,M6,Green,2006
1332,Nissan,Maxima,Khaki,2012
1928,Audi,TT,Orange,2005
1188,Chrysler,300,Indigo,2009
1768,Audi,A6,Orange,2001
1234,Hyundai,XG300,Maroon,2001
1462,Oldsmobile,Bravada,Orange,2004
1022,Mercedes-Benz,M-Class,Red,2012
1618,Subaru,Forester,Puce,2008
1851,Lincoln,Navigator,Aquamarine,2004
